{
    "providers": [
        {
            "type": "bitmap",
            "file": "minecraft:font/admin.png",
            "ascent":8,
            "height":9,
            "chars": [
                "α"
            ]
        },
        {
            "type": "bitmap",
            "file": "minecraft:font/youtube.png",
            "ascent":8,
            "height":9,
            "chars": [
                "γ"
            ]
        },
        {
            "type": "bitmap",
            "file": "minecraft:font/dev.png",
            "ascent":8,
            "height":9,
            "chars": [
                "δ"
            ]
        },
        {
            "type": "bitmap",
            "file": "minecraft:font/player.png",
            "ascent":8,
            "height":9,
            "chars": [
                "ρ"
            ]
        },
        {
            "type": "bitmap",
            "file": "minecraft:font/micro.png",
            "ascent":8,
            "height":9,
            "chars": [
                "🎙"
            ]
        },
        {
            "type": "bitmap",
            "file": "minecraft:font/vip.png",
            "ascent":8,
            "height":9,
            "chars": [
                "★"
            ]
        },
        {
            "type": "bitmap",
            "file": "minecraft:font/nkvd.png",
            "ascent":8,
            "height":9,
            "chars": [
                "斯"
            ]
        }

    ]
}
